{
  "mistral_7b_textual_profile": {
    "accuracy": 0.7692307692307693,
    "precision": 0.375,
    "recall": 0.75,
    "f1_score": 0.5,
    "mcc": 0.40863470634825333,
    "confusion_matrix": [
      [
        17,
        5
      ],
      [
        1,
        3
      ]
    ],
    "sample_size": 100,
    "valid_predictions": 26,
    "success_rate": 0.26,
    "template_name": "textual_profile",
    "predictions": [
      0,
      0,
      1,
      1,
      0,
      0,
      0,
      0,
      1,
      0,
      0,
      0,
      0,
      0,
      0,
      0,
      1,
      0,
      1,
      0,
      0,
      0,
      1,
      1,
      1,
      0
    ],
    "true_labels": [
      0,
      0,
      0,
      0,
      0,
      0,
      0,
      0,
      0,
      0,
      0,
      0,
      0,
      0,
      0,
      0,
      0,
      0,
      0,
      0,
      0,
      0,
      1,
      1,
      1,
      1
    ]
  }
}